Хипофизата и щитовидната жлеза са жлези с вътрешна секреция.;да;Тема 1
Скелетните мускули са изградени от гладки мускулни влакна.;не;Тема 1
Всички тъкани са изградени от еднакви видове специализирани клетки.;не;Тема 1
Основните типове тъкани, които се образуват в зародишното развитие на човек са: съединителна, мускулна и нервна.;не;Тема 1
Според строежа на мускулните клетки и тяхното местоположение се различават 2 вида мускулна тъкан - скелетна и гладка.;не;Тема 1
Гладката мускулна тъкан е волева.;не;Тема 1
Нервната тъкан е изградена от неврони и глиални клетки.;да;Тема 1
Предаването на нервните импулси от неврон на неврон и от неврон на мускулна клетка става чрез глиалните клетки.;не;Тема 1
Сърдечната мускулна тъкан е изградена от къси напречно набраздени клетки, с по 1-2 ядра.;да;Тема 1
Мускулната тъкан има следните свойства: възбудимост, проводимост, съкратимост.;да;Тема 1
Синапсът е разклонение на дендрита.;не;Тема 1
Миелиновата обвивка съдържа главно въглехидрати.;не;Тема 1
Невроните имат тяло, от което излизат множество къси разклонени израстъци, наречени дендрити.;да;Тема 1
Костите и хрущялите изпълняват опорна функция.;да;Тема 1
Мазнините в клетките на мастната тъкан са резерв на енергия.;да;Тема 1
Едни видове от епителната тъкан имат защитна за тялото функция.;да;Тема 1
Кръвта е вид епителна тъкан.;не;Тема 1
Чрез движението си кръвта поддържа постоянна температура на тялото.;да;Тема 1
Епителната тъкан покрива само вътрешната повърхност на кухите вътрешни органи и вътрешната повърхност на сърцето.;не;Тема 1
Съединителната тъкан изгражда обвивките на органите - черен дроб, бъбреци, мускули, нерви, кръвоносни съдове и други.;да;Тема 1
Независимо от голямото разнообразие от организми и изграждащите ги клетки всички те имат сходен химичен състав.;да;Тема 2
Органичните молекули се самосглобяват в надмолекулни комплекси;да;Тема 2
Клетките са в основата на подклетъчните равнища на организация на живата материя.;не;Тема 2
Задния дял на хипофизата отделя хормони, които регулират обратното всмукване в бъбречните каналчета.;да;Тема 2
Повишената концентрация на хормоните на щитовидната жлеза повишава отделянето на хормони от хипоталамуса и хипофизата.;не;Тема 2
Целостта на многоклетъчния организъм като система се поддържа от взаимодействието на съставящите го части и от взаимодействието на организма със заобикалящата го среда.;да;Тема 2
При повишена концентрация в кръвта на естрогени от яйчниците следва понижаване на съответните хормони от подхълмието и хипофизата.;да;Тема 2
Органелите представляват функционално единство от тъкани, които осигуряват определена жизнена потребност на организма.;не;Тема 2
Хомеостазата е постоянство на вътрешната среда на организма поради постоянните условия в които живее.;не;Тема 2
Бъбреците са органи, в които се осъществява уринообразуването, но те отделят и ензима ренин.;да;Тема 2
Подсистеми на мезосистемата са: популации, биоценози, екосистеми;не;Тема 2
Хипоталамуса осъществява нервна и хуморална регулация.;да;Тема 2
Терморегулацията при човек се осъществява на принципа на отрицателната обратна връзка.;да;Тема 2
Същността на хомеостазата е съществуването на устойчиви показатели, които характеризират нормалното състояние на организма.;да;Тема 2
Различните клетъчни органели, които изпълняват обща функция образуват системите в организма.;не;Тема 2
На клетъчно ниво чрез обратна връзка се осъществява регулация на ензимната активност чрез обратно инхибиране.;да;Тема 2
На подклетъчно ниво обратната връзка има голямо значение за координацията на движенията и за секрецията на хормони;не;Тема 2
Хипофизата е разположена в главния мозък - над междинния мозък.;не;Тема 2
Задстомашната и околощитовидните жлези не се регулират от хормоните на хипофизата и следователно за тях не важи принципът за йерархична съподчиненост.;да;Тема 2
Положителната обратна връзка има адаптационно значение и тя не способства пряко за поддържане на хомеостазата.;да;Тема 2
В зависимост от местоположението си нервната система се дели на централна и вегетативна.;не;Тема 3
Централната нервна система се състои от главен мозък и гръбначен мозък.;да;Тема 3
В зависимост от функцията си нервната система се разделя на соматична и вегетативна.;да;Тема 3
Централната нервна система функционира главно чрез рефлекси.;да;Тема 3
Вегетативната нервна система е изградена от нервите, нервните възли и сплетенията.;не;Тема 3
Гръбначният мозък е изграден от централно разположено бяло вещество с формата на буквата Н, което е обградено със сиво вещество.;не;Тема 3
Периферно разположеното бяло вещество на гръбначния мозък е изградено от аксони на нервни клетки, намиращи се в сивото вещество на гръбначния и главния мозък.;да;Тема 3
Бялото вещество на гръбначния мозък образува проводни нервни пътища, изпращащи нервни импулси от гръбначния мозък към главния и обратно.;да;Тема 3
В предните рога на гръбначния мозък се намират нервни клетки, чиито аксони провеждат импулси до главния мозък.;не;Тема 3
При сливането на всяко предно и задно коренче на гръбначния мозък се образува един гръбначномозъчен възел.;не;Тема 3
От гръбначния мозък излизат 32 чифта гръбначномозъчни нерви.;не;Тема 3
Гръбначномозъчните нерви провеждат импулси до кожата и мускулите на шията, туловището и крайниците.;да;Тема 3
В сивото вещество на гръбначния мозък аксоните на сетивните нервни клетки се свързват или направо, или чрез други неврони с нервните клетки в предните рога, изпращащи импулси до мускулите.;да;Тема 3
Веригата от рецептор, сетивен неврон, двигателен неврон и самия мускул се нарича рефлексна дъга.;да;Тема 3
При опарване или убождане нервните импулси се провеждат от рецептора по сетивния неврон до главния мозък, където възбуждането се предава на двигателния неврон.;не;Тема 3
С помощта на рефлексни дъги се осъществява проводната функция на гръбначния мозък.;не;Тема 3
В гръбначния мозък е представена част от вегетативната нервна система, осъществяваща неговата вегетативна функция, която е свързана с вътрешните органи.;да;Тема 3
От главния мозък излизат осем чифта черепно мозъчни нерви.;не;Тема 4
Мозъчния ствол е образуван от моста, продълговатия мозък и средния мозък.;да;Тема 4
Главния мозък се дели на гръбначен мозък, краен мозък и мозъчен ствол.;не;Тема 4
Блуждаещия нерв излиза от моста.;не;Тема 4
Мостът е продължение на гръбначния мозък.;не;Тема 4
Мостът обработва информация за сетивността и мускулите в областта на главата.;да;Тема 4
В средния мозък се намира център потискащ болката.;да;Тема 4
Междинният мозък е изграден от два хълма и подхълмие.;да;Тема 4
Към крайният мозък е прикачена епифизата.;не;Тема 4
Хипофизата е пряко свързана с изграждането на имунитета.;не;Тема 4
Хипофизата е прикачена към подхълмието на междинния мозък.;да;Тема 4
Малкият мозък е пред мозъчния ствол.;не;Тема 4
Функцията на малкия мозък е свързана с равновесието и мускулния тонус.;да;Тема 4
Двете полукълба на крайния мозък са свързани със снопове от бяло мозъчно вещество.;да;Тема 4
Базалните ядра са свързани с двигателната дейност.;да;Тема 4
Крайния мозък се състои от пет дяла - челен, теменен, тилен, слепоочен и гръбначен дял.;не;Тема 4
В задната част на челния дял, пред централната бразда се намира двигателната зона.;да;Тема 4
В теменният дял е разположена зрителната зона.;не;Тема 4
Зрителната зона е разположена в тилният дял.;да;Тема 4
В слепоочния дял се намира слуховата зона.;да;Тема 4
Крайният мозък е най-добре развитата част на главния мозък и представлява 80 процента от масата му.;да;Тема 4
Дейността на вегетативната нервна система не е под волев контрол и затова тя се нарича и автономна нервна система.;да;Тема 5
Вегетативната нервна система контролира постоянството на телесната маса.;не;Тема 5
Вегетативната нервна система контролира постоянството на телесната температура.;да;Тема 5
Вегетативната нервна система се състои от три части, които се различават по структура и функция.;не;Тема 5
Централната част на симпатикуса се намира в сивото вещество на гръдната част на гръбначния мозък.;да;Тема 5
Централната част на симпатикуса се намира в сивото вещество на кръстцовата част на гръбначния мозък.;не;Тема 5
Централната част на парасимпатикуса се намира в три области на малкия мозък и в сивото вещество на гръдната част на гръбначния мозък.;не;Тема 5
Централната част на парасимпатикуса се намира в четири области на мозъчния ствол ив сивото вещество на кръстцовата част на гръбначния мозък.;да;Тема 5
Симпатиковата и парасимпатиковата част на вегетативната нервна система обикновено имат синергично/еднопосочно/ действие.;не;Тема 5
Симпатиковата част на вегетативната нервна система забавя сърдечната дейност и разширява кръвоносните съдове.;не;Тема 5
Симпатиковата част на вегетативната нервна система разширява въздухоносните пътища в белите дробове и разширява зеницата.;да;Тема 5
Симпатиковата част на вегетативната нервна система повишава перисталтиката на стомаха и червата.;не;Тема 5
Под действие на нервните импулси от симпатикуса организмът повишава своята физическа активност.;да;Тема 5
Парасимпатиковата част на вегетативната нервна система ускорява сърдечната дейност и стеснява кръвоносните съдове.;не;Тема 5
Парасимпатиковата част на вегетативната нервна система разширява въздухоносните пътища в белите дробове.;не;Тема 5
Парасимпатиковата част на вегетативната нервна система засилва перисталтиката на стомаха и червата, както и усилва дейността на храносмилателните жлези.;да;Тема 5
Под действие на нервните импулси от парасимпатикуса организмът повишава своята физическа активност.;не;Тема 5
Централната част на симпатикуса и парасимпатикуса са под контрола на средния мозък.;не;Тема 5
Вегетативната нервна система не се повлиява от емоционалното състояние на човека.;не;Тема 5
Ендокринната система включва жлезите с вътрешна и външна секреция.;не;Тема 6
Съгласуваното действие на ендокринните жлези е резултат от действието на хипофизата и нервният контрол.;да;Тема 6
Хормоналната регулация е по-бавна, но с по-продължителен ефект;да;Тема 6
Хормоналната регулация е по-бърза, но с по-кратък ефект.;не;Тема 6
Повечето от хормоните на хипофизата се произвеждат от задния дял.;не;Тема 6
Антидиуретичният хормон повишава продукцията на мляко в млечните жлези.;не;Тема 6
Хормон от предния дял на хипофизата активира секрецията на хормони от щитовидната жлеза.;да;Тема 6
От задния дял на хипофизата се отделя хормона на растежа.;не;Тема 6
Основният хормон на щитовидната жлеза е родовия хормон.;не;Тема 6
Хормоните на щитовидната жлеза съдържат йод.;да;Тема 6
При недостиг на йод във водата и храната щитовидната жлеза намалява размерите си.;не;Тема 6
Основният хормон на хипофизата е тироксин.;не;Тема 6
Секрецията на по-голямо от нормалното количество тироксин предизвиква тиреотоксикоза.;да;Тема 6
Недостатъчната секреция на тироксин в напреднала възраст води до кретенизъм.;не;Тема 6
Околощитовидните жлези са свързани с обмяната на калий в организма.;не;Тема 6
Задстомашната жлеза отделя задстомашен сок и Хормони.;да;Тема 6
Основният хормон на задстомашната жлеза е инсулин.;да;Тема 6
Инсулинът участва в превръщането на гликогена в глюкоза и мазнини.;не;Тема 6
Хормоните на стреса се отделят от надбъбречните жлези.;да;Тема 6
Прогестеронът се отделя от жълтото тяло.;да;Тема 6
Естрадиолът регулира женските полови цикли.;да;Тема 6
Тестостеронът стимулира силно белтъчната синтеза.;да;Тема 6
Чрез зрението човек получава 65 % от информацията за околната среда.;не;Тема 7
Зрителната сетивна система се състои от очите, проводящи нервни пътища и сетивна зона в кората на крайния мозък.;да;Тема 7
Зрителната сетивна система се състои от очните ябълки, мускули, клепачи и слъзен апарат.;не;Тема 7
Зрителните рецепторни клетки (пръчици и колбички) са разположени в ириса.;не;Тема 7
Рецепторните клетки на зрителния анализатор се дразнят от светлинните лъчи, които постъпват в окото през стъкловидното тяло.;не;Тема 7
Светлинните лъчи, които постъпват в окото, се фокусират чрез зеницата.;не;Тема 7
Допълнителните органи на окото са мускулите, клепачите и слъзният апарат.;да;Тема 7
Външната обвивка на очната ябълка отпред е прозрачна и се нарича роговица.;да;Тема 7
Склерата е изградена от рехава съединителна тъкан, прозрачна е и има транспортна функция.;не;Тема 7
Средната обвивка на очната ябълка съдържа множество фоторецепторни клетки.;не;Тема 7
Акомодационният мускул е разположено в средната обвивка на очната ябълка.;да;Тема 7
Зеничният рефлекс представлява разнтаряване на зеницата при силна светлина, както и стесняване на зеницата при слабо осветление.;не;Тема 7
Пръчиците и колбичките са разположени в средната, светлочувствителна обвивка на очната ябълка.;не;Тема 7
Пръчиците са фоторецепторите за цветно виждане, а колбичките - за светло и тъмно.;не;Тема 7
В жълтото петно липсват колбички, като има струпване на пръчици.;не;Тема 7
Мястото, където се образува нервът в ретината, се нарича сляпо петно.;да;Тема 7
Зрителните пигменти са вещества, производни на витамин К.;не;Тема 7
Зрителният нерв провежда зрителната информация до малкия мозък.;не;Тема 7
Вътрешността на очната ябълка представлява стъкловидно тяло, което е прозрачно и пихтиесто.;да;Тема 7
Лещата на окото е разположена зад стъкловидното тяло и пред ириса.;не;Тема 7
Виждането наблизо и далеч се осъществява чрез промяна на изпъкналостта на лещата на окото /акомодация/.;да;Тема 7
Мускулите на очната ябълка са общо пет.;не;Тема 7
Сляпото петно е мястото на най-ясно виждане в ретината.;не;Тема 7
Жълтото петно е мястото в ретината, където виждането е най-неясно (най-лошо).;не;Тема 7
Вкусовата сетивност представлява процес, при който неразтворимите вещества в храната въздействат върху вкусовите рецептори.;не;Тема 8
Вкусовите рецептори се намират във вкусови луковици, разположени в брадавичките по горната повърхност на езика, както и в лигавицата на мекото небце.;да;Тема 8
Съществуват пет основни вкусови усещания - за сладко, за горчиво, за кисело, за тръпчиво и за солено.;не;Тема 8
Усещането за сладко се възприема в задната част на езика.;не;Тема 8
Усещането за горчиво се възприема на върха на езика.;не;Тема 8
Усещането за солено се възприема в задната част на езика.;не;Тема 8
Вкусовата информация се провежда от съответните нерви до малкия мозък.;не;Тема 8
Вкусовите усещания се възприемат от определена зона в кората на крайния мозък.;да;Тема 8
Обонятелната сетивност е чувствителност към нелетливи вещества, намиращи се във въздуха или храната.;не;Тема 8
Основно количество миризми навлизат от устната кухина в носната.;не;Тема 8
Човекът може да различи 4000 - 5000 различни миризми.;не;Тема 8
Мирисната информация се възприема от рецепторни клетки, които се намират в горната част на носната кухина.;да;Тема 8
Обонятелната зона в носната кухина има обширна площ.;не;Тема 8
Централният израстък на обонятелните рецепторни клетки завършва с разширение, от което излизат няколко реснички.;не;Тема 8
Центърът за възприемане на обонятелната информация се намира в междинния мозък.;не;Тема 8
Обонятелната сетивност служи за преценка на качествата на храната и за оценка на обстановката в околната среда.;да;Тема 8
Общата сетивност се разделя на повърхностна и дълбока сетивност.;не;Тема 8
Рецепторите на повърхностната сетивност са разположени само в кожата.;не;Тема 8
Общата сетивност включва способността за получаване на информация от мускулите, сухожилията и вътрешните органи.;не;Тема 8
Съществуват четири вида повърхностна сетивност - за допир, за натиск, за температура и за болка.;да;Тема 8
Усещането за. болка може да се потисне от определени центрове в мозъка.;да;Тема 8
Рецепторите за възприемане на топло и студено са едни и същи.;не;Тема 8
Рецепторите за дълбока сетивност са разположени само в мускулите.;не;Тема 8
Чрез рецепторите за вътрешна сетивност се получава информация за състоянието на кръвоносната система и вътрешните органи.;да;Тема 8
Органът на слуха се състои от четири части, като най - вътрешните три части се намират в слепоочната кост.;не;Тема 9
Външният слухов проход е с дължина 4,5 см.;не;Тема 9
Тъпанчевата мембрана е разположена на границата на средното с вътрешното ухо.;не;Тема 9
В тъпанчевата мембрана са разположени жлези, които отделят секрет, образуващ ушната кал.;не;Тема 9
Средното ухо се състои от тъпанчева мембрана, тъпанчева кухина, слуховите костици в нея и Евстахиевата тръба.;да;Тема 9
Евстахиевата тръба свързва средното с вътрешното ухо.;не;Тема 9
Слуховите костици и Евстахиевата тръба са част от вътрешното ухо.;не;Тема 9
Слуховата сетивност е от значение не само за възприемане на околната среда, но и за развитието на речта.;да;Тема 9
Слуховите костици са четири на брой и са разположени във вътрешното ухо.;не;Тема 9
Трептенията на тъпанчевата мембрана се предават на ципестия лабиринт.;не;Тема 9
Вътрешното ухо се състои от две части: вестибуларния апарат и охлюва.;да;Тема 9
Кортиевият орган е част от вестибуларният апарат.;не;Тема 9
Кортиевият орган е разположен върху основната мембрана на ципестия лабиринт в охлюва.;да;Тема 9
Слуховата информация се провежда от слуховия нерв до продълговатия мозък и оттам до подхълмието на междинния мозък.;не;Тема 9
Сетивната информация за поддържане на равновесието постъпва само от равновесната част на вътрешното ухо.;не;Тема 9
Информацията за поддържане на равновесието постъпва от вестибуларния апарат, както и от рецепторите за дълбока сетивност.;да;Тема 9
Вестибуларният апарат е съставен от три торбички и два полуокръжни канала.;не;Тема 9
Междинният мозък има особено важно значение за равновесието, защото именно до него достига информацията за равновесното положение на тялото. ;не;Тема 9
Възбуждането на сетивните клетки на органа на равновесието става при движение на течността във вестибуларния апарат.;да;Тема 9
Морската болест възниква в резултат на силно дразнене на рецепторите на слуховия анализатор.;не;Тема 9
Кожата е най-външната обвивка на човешкото тяло, която е изградена от три слоя: външен - епидермис, среден - мезодермис и вътрешен - ендодермис.;не;Тема 10
Меланинът поглъща вредните ултравиолетови лъчи от слънчевата светлина и предпазва клетките в по-дълбоките слоеве на кожата.;да;Тема 10
Най-дълбокият клетъчен слой на епидермиса е изграден от клетки, които не се делят.;не;Тема 10
Най-повърхностният слой на епидермиса е изграден от рогов слой.;да;Тема 10
Дермата съдържа голямо количество колагенови и еластични влакна, благодарение на които кожата е еластична и гъвкава.;да;Тема 10
В епидермиса на различна дълбочина се разполагат потните и мастните жлези, както и корените на космите.;не;Тема 10
Потните жлези представляват тръбички, на които единият край е навит на клъбце, разположено в дермата.;да;Тема 10
Мастните жлези имат канали, които се отварят в космената торбичка.;да;Тема 10
Клетките на потните жлези отделят секрет, който смазва космите и епидермиса и ги предпазва от засъхване и напукване.;не;Тема 10
Космите са изградени от корен в дермата и ствол, който излиза над повърхността на кожата.;да;Тема 10
Ноктите покриват крайните части на пръстите, където са струпани голям брой нервни окончания.;да;Тема 10
Сетивната функция на кожата се осъществява от рецептори за възприемане на външни дразнения - за допир, натиск, топло, студено, болка.;да;Тема 10
Терморегулаторната функция на кожата се осъществява главно чрез изпарение на вода и разширяване и стесняване на лимфните съдове в дермата.;не;Тема 10
Отделителната функция на кожата е свързана с дейността на мастните жлези - чрез мастния секрет се отделят крайни продукти на обмяната.;не;Тема 10
Акнето е заболяване на кожата, при което секрет и мъртви вроговени клетки запушват каналите на мастните жлези.;да;Тема 10
Изтъняването на озоновия слой около Земята и озоновите дупки са причината за увеличената честота на рак на кожата.;да;Тема 10
В натрупания секрет на младежките пъпки се развиват бактерии и се получават възпаления, затова е необходимо те да се изстискват.;не;Тема 10
Основна роля в осъществяването на клетъчния имунен отговор имат В-лимфоцитите.;не;Тема 11
В осъществяването на клетъчния имунен отговор основна роля изпълняват Т-килърите.;да;Тема 11
Фагоцитозата е един от основните механизми на придобития (специфичен) имунитет.;не;Тема 11
Клетките на трансплантираните органи в организма се атакуват и отстраняват от Т-цитотоксичните клетки.;да;Тема 11
Представянето на антигена е присъщо за клетките на имунната памет.;не;Тема 11
Специфичността е термин, характеризиращ естеството на възпалителната реакция, наблюдавана в мястото на проникване на антигена в организма.;не;Тема 11
Фагоцитозата, системата на комплемента и възпалението са присъщи за вродения (неспецифичен) имунитет.;да;Тема 11
В зависимост от начина на разпознаване, атакуване и обезвреждане на постъпилия в организма антиген (с помощта на антитела или с Т-цитотоксични клетки) различаваме хуморален и клетъчен имунен отговор.;да;Тема 11
В резултат на ваксинация се придобива изкуствен активен имунитет.;да;Тема 11
Клетките на имунната памет осигуряват по-бърз и ефективен имунен отговор при повторна среща с антигена.;да;Тема 11
Представянето на антигена е присъщо за клетките на имунната памет.;не;Тема 11
Слюнката, сълзите и стомашният сок, осигуряващи неблагоприятна среда за развитие на различни болестотворни причинители, се причисляват към механичните бариери на защита на организма.;не;Тема 11
Антитела, образувани след имунизация, атакуват вируса SARS-CoV-2, причиняващ COVID-19.;да;Тема 11
Т-хелперите, клетките на имунната памет, В-лимфоцитите, както и Т-килърите са активни участници в осъществяването на неспецифичния (вроден) имунитет.;не;Тема 11
Фагоцитите играят роля както в неспецифичната, така и в специфичната защита на организма.;да;Тема 11
"Представянето на антигена включва: а) процес на поглъщане на антигена чрез фагоцитоза; 6) разграждане на антигена, последвано от свързване на част от него в комплекс с цитоплазмени белтъци на макрофага; в) изнасяне на образувания комплекс на повърхността на клетъчната мембрана.";да;Тема 11
Една от най - сложните прояви на хомеостазата е имунната защита, която има за цел да запази генетичната уникалност на организма.;да;Тема 11
Мембраните на Т- и В-лимфоцитите са лишени от рецептори за разпознаване на антигена.;не;Тема 11
Функцията на антителата е да свързват и унищожават антигена.;не;Тема 11
Хуморалният и клетъчният имунен отговор се ангажират в различна степен в зависимост от природата на всеки конкретен антиген.;да;Тема 11
Рецепторите са специализирани структури - нервни клетки или нервни окончания, с по-висока чувствителност към даден вид дразнител.;да;Тема 12
По двигателните нерви информацията от рецепторите се предава към ЦНС, където се обработва и се изготвя нова информация.;не;Тема 12
Организмите изпитват непрекъснато въздействието на различни дразнители от околната среда.;да;Тема 12
Зрителната сетивност е най-старата и най-общата от сетивните системи.;не;Тема 12
При организмите с добре развита нервна система рецепторите структурно и функционално са обединени с нервната система в комплекси -сетивни системи.;да;Тема 12
Хуморалната регулация е възникнала в по-късен етап от еволюционното развитие на организмите след нервната регулация.;не;Тема 12
При соматичните рефлексни дъги изпълнителните органи са гладка и сърцева мускулатура и жлезите с вътрешна ѝ външна секреция;не;Тема 12
Рефлексната дъга, включваща рецептор, сетивен неврон, нервен център, двигателен неврон и изпълнителен орган е анатомичният път, по които се осъществява рефлексът.;да;Тема 12
Кихането и кашлянето са сложни рефлексни актове с елемент на придобито поведение на животните и човека.;не;Тема 12
Рефлексът е реакция на организма в отговор на промени във външната и вътрешната среда, която се осъществява с участието на централната нервна система и в резултат от дразнене на рецепторите.;да;Тема 12
Сънотворните и успокоителните лекарства, използвани за лечението на неврологични и психични заболявания, действат на нивото на синапсите.;да;Тема 12
Коленния рефлекс представлява двуневронна верига, състояща се от един сетивен и един двигателен неврон.;да;Тема 12
При химическите синапси предаването на нервния импулс се осъществява чрез невромедиатор.;да;Тема 12
Безусловните рефлекси се променят през целия живот на организма.;не;Тема 12
Мигане, кихане и кашляне са примери за придобити през индивидуалното развитие рефлекси.;не;Тема 12
Свиренето на музикален инструмент е сложна рефлексна дейност, която се контролира от висшата нервна дейност при човека.;да;Тема 12
Лесно променливите и типични за индивида условни рефлекси, формирани в хода на индивидуалния живот, са винаги вродени.;не;Тема 12
Адреналинът предизвиква съкращение на гладките мускули на кръвоносните съдове и отпускане на гладките мускули на стомаха и червата.;да;Тема 12
Нервния импулс се провежда до изпълнителния орган чрез по сетивни нерви.;не;Тема 12
Еволюционното развитие на нервната система се изразява в усложняване на междуневронните връзки и образуване на група неврони с обща функция.;да;Тема 12
Към химичната сетивност се отнасят вкусът и обонянието.;да;Тема 12
Храненето е процес, при който организмът приема хранителни продукти.;да;Тема 13
Хранителните вещества в организма се разграждат от химични катализатори - въглехидрати.;не;Тема 13
Въглехидратите се съдържат главно в продукти от растителен произход - пшеница, картофи и др.;да;Тема 13
Белтъците в храната са особено необходими за растежа и развитието на организма.;да;Тема 13
Големите слюнчени жлези са две - надчелюстните и подчелюстните.;не;Тема 13
Мазнините са образувани от свързването на два вида молекули - глицерол и мастни киселини.;да;Тема 13
Амилазата разгражда белтъците до пептиди.;не;Тема 13
Гълтачът е разположен зад носната кухина, зад устната кухина и под гръкляна.;не;Тема 13
Кухината на зъба с запълнена с дентин.;не;Тема 13
Пулпата съдържа нерви и кръвоносни съдове.;да;Тема 13
В детска възраст човек има само 32 зъба и те се наричат млечни зъби.;не;Тема 13
В устната кухина се отварят три чифта големи слюнчени жлези.;да;Тема 13
Подмяната на млечните зъби с постоянни приключва след 17 - 18 годишна възраст.;да;Тема 13
Хранопроводът е тръба с дължина 15 см, която минава зад трахеята, през гръдната кухина, през диафрагмата и се отваря в стомаха.;не;Тема 13
Четирите основни вида вкусови усещания, които се възприемат от вкусовите луковици на езика, са - сладко, солено, кисело и люто.;не;Тема 13
Езикът е мускулест орган, прикрепен към дъното на устната кухина.;да;Тема 13
Човешкото съзъбие си състои от - 4 резци, 8 кучешки зъба, 12 предкътника и 12 кътника.;не;Тема 13
По-твърдата храна преминава през хранопровода за няколко секунди, а течностите за 1 секунда.;да;Тема 13
19. При покой от слюнчените жлези се отделя малко слюнка - 15-20 мл.;да;Тема 13
Витамините не са източник на енергия, но са крайно необходими за нормалното протичане на жизнените процеси, тъй като са градивен материал за организма.;не;Тема 13
Лигавицата на устната кухина е осеяна с големи слюнчени жлези.;не;Тема 13
Слюнката съдържа ензима липаза, с който започва химичното смилане на въглехидратите.;не;Тема 13
На входа на стомаха се намира кръгъл мускул- сфинктер;не;Тема 14
Смилателният сок съдържа пектин- ензим, под чието действие започва разграждането на белтъците в храната.;не;Тема 14
В стомашния сок се съдържа оцетна киселина, която активира пектина, и слуз, предпазваща стомашните клетки от киселината.;не;Тема 14
Стомашната стена има силно развит слой от гладки мускули, чиито съкращения подпомагат разместването на стомашния сок с храната и улесняват действието на ензима.;да;Тема 14
Началната част на тънкото черво е с дължина около 12 напречно разположени пръста и се нарича дванадесетопръстник.;да;Тема 14
В задстомашната жлеза се изработва смилателен сок с различни ензими, с чиято помощ се извършва пълното разграждане на хранителните вещества.;да;Тема 14
Въглехидратите се разграждат от амилаза и други ензими до прости захари.;да;Тема 14
Ензимът липаза разгражда белтъците до по-малки молекули.;не;Тема 14
В клетките на черния дроб се образува жлъчен сок, който се събира в жлъчен мехур.;да;Тема 14
Жлъчният сок представлява течност, съдържаща жлъчни киселини и ензими.;не;Тема 14
По цялата дължина на тънкото черво лигавицата е силно нагъната и осеяна с малки жлезички, секретиращи пепсин.;не;Тема 14
Лигавицата на тънкото черво образува огромен брой власинки, които могат да се свиват и отпускат.;да;Тема 14
Власинките увеличават двукратно повърхността на червото, с което всмукването силно се повишава.;не;Тема 14
На изхода на тънкото черво се намира клапа, който периодично пропуска съдържанието на червото.;да;Тема 14
В средната част на дебелото черво се намира ,, сляп“ участък, който има малък израстък - апендикс.;не;Тема 14
Около ануса са разположени сфинктери, които извеждат остатъците от неусвоените вещества.;да;Тема 14
Сфинктери има в началото и края на дебелото черво.;не;Тема 14
Както секрецията на храносмилателни сокове, така й движението на стомаха и червата се регулират в зависимост от храненето.;да;Тема 14
Дебелото черво извършва перисталтични движения, които осигуряват изхвърлянето на остатъците от храна.;да;Тема 14
В дебелото черво продължава всмукването на вода и минерални соли, както и ензимното разграждане на храната.;не;Тема 14
Носът се състои от външен нос и носна кухина.;да;Тема 15
Носната кухина е покрита с ресничест епител, който се овлажнява от слузни жлези разположени по него.;да;Тема 15
При хората най-голям е щитовидния хрущял.;да;Тема 15
Най-силно е изпъкнала адамовата ябълка при жените.;не;Тема 15
Надгръклянникът се затваря при преглъщане и не навлиза храна в гръкляна.;да;Тема 15
Бронхиалното дърво се изгражда само от бронхите.;не;Тема 15
При промяна на положението на тялото трахеята се отваря и затваря.;не;Тема 15
Левият бял дроб е по-голям от десния.;не;Тема 15
Трахеята е тръба с дължина около 12 см.;да;Тема 15
Отвън белите дробове са обвити с плевра, която е еднослойна.;не;Тема 15
Отвън белите дробове са обвити с плевра, която е двуслойна.;да;Тема 15
В белите дробове навлизат белодробните вени.;не;Тема 15
Най-малките бронхиоли завършват с тънкостенни белодробни мехурчета - алвеоли.;да;Тема 15
Носната кухина е покрита с ресничест епител.;да;Тема 15
В трахеята се намира третата сливица.;не;Тема 15
От белите дробове излизат белодробните вени.;да;Тема 15
Стените на капилярите, които са от външната страна на алвеолите са изградени от двуслоен ресничест епител.;не;Тема 15
Общата дихателна повърхност на алвеолите е около 50-100 м2;да;Тема 15
Трахеята се свързва с белия дроб чрез капиляри.;не;Тема 15
Гласът се получава от трептенията на гласовите връзки, предизвикани от преминаващия при издишване въздух.;да;Тема 15
Стените на алвеолите са изградени от един слой епителни клетки.;да;Тема 15
В белите дробове влизат бронхите, белодробната артерия и нерви.;да;Тема 15
В белите дробове влизат бронхите, белодробната артерия, белодробните вени и нерви.;не;Тема 15
Трахеята е тръба с дължина около 22 см.;не;Тема 15
Носната кухина е покрита със съединителна тъкан.;не;Тема 15
Общата дихателна повърхност на алвеолите е около 500-1000 м2;не;Тема 15
Дихателната дейност се регулира по нервен път и чрез вещества, които се пренасят чрез кръвта.;да;Тема 15
Регулирането на дишането по нервен път се извършва с участието на дихателен център в мозъка.;да;Тема 15
Когато дихателния център се възбуди, той изпраща нервни импулси до междуребрените мускули и диафрагмата.;да;Тема 15
Бъбреците са чифтен орган и са разположени върху задната коремна стена.;да;Тема 16
Във вътрешността на бъбрека е разположена мастна капсула.;не;Тема 16
Капилярното клъбце е свързано с входяща артерия и изходяща вена.;не;Тема 16
В нефрона се извършва филтрация, обратно всмукване и секреция.;да;Тема 16
Първичната урина съдържа вода, аминокиселини, глюкоза, минерални соли.;да;Тема 16
Крайната урина съдържа само вода, аминокиселини, соли, пикочна киселина.;не;Тема 16
Стената на пикочопроводите съдържа рехава съединителна тъкан.;не;Тема 16
Обемът на крайната урина е около 1,5 л. за денонощие.;да;Тема 16
Около пикочния мехур е разположен сфинктер.;не;Тема 16
Пикочният мехур е кух мускулест орган с резервоарна функция.;да;Тема 16
Обратното всмукване се извършва през стената на капсулата.;не;Тема 16
Образуването на урина се регулира главно чрез хормони.;да;Тема 16
Филтрацията се осъществява благодарение на по-ниското кръвно налягане в клъбцето.;не;Тема 16
Основната структурна и функционална единица на бъбрека е неврона.;не;Тема 16
Циститът е възпаление на пикочния мехур.;да;Тема 16
Хемодиализа се налага при тежки увреждания на черния дроб.;не;Тема 16
Най-успешна е трансплантацията на бъбрек при еднояйчни близнаци.;да;Тема 16
Отделителната система и главно бъбреците, участват в поддържането на хомеостазата.;да;Тема 16
Бъбреците имат дължина около 12 см.;да;Тема 16
През бъбреците за едно денонощие преминава около 10 литра кръв.;не;Тема 16
Сърцето се разполага в гръдния кош между двата бели дроба.;да;Тема 17
Сърцето на човека е четириделно - съдържа две предсърдия и две камери.;да;Тема 17
Между предсърдията и камерите има отвор с клапа, която пропуска кръвта само в една посока - от камерите към предсърдията.;не;Тема 17
Сърцето е кух орган, чиито стени са изградени от ендокард, миокард и епикард.;да;Тема 17
Сърцето е кух орган, чиито стени са изградени от ендокард, миокард, епикард и перикард.;не;Тема 17
Предсърдията се свързват с камерите чрез отвори, в които са разположени предсърдно-камерни клапи.;да;Тема 17
Кръвта се движи само в една посока - от предсърдията към камерите, без да се връща в предсърдията.;да;Тема 17
От вътрешната страна на миокарда се разполага ендокардът - изграден от епител.;да;Тема 17
Най-голяма дебелина има миокардът на дясната камера.;не;Тема 17
Венозната кръв от цялото тяло се влива в лявото предсърдие чрез горна и долна куха вена.;не;Тема 17
В дясното предсърдие се вливат четири малки съда - белодробни вени.;не;Тема 17
От дясната камера излиза белодробната артерия.;да;Тема 17
В началото на големите кръвоносни съдове се намират полулунни клапи, които пропускат кръвта само в една посока.;да;Тема 17
Две венечни артерии кръвоснабдяват сърдечната стена.;да;Тема 17
При нормални условия сърцето поглъща около 2090 от кислорода, който постъпва в организма.;не;Тема 17
Кръвоносните съдове са - артерии, артериоли, капиляри, венули и вени.;да;Тема 17
Кръвоносната система на човека е отворена.;не;Тема 17
Артериите са кръвоносните съдове на човека който изнасят кръвта от сърцето.;да;Тема 17
От лявата камера на сърцето излиза най-големият кръвоносен съд - аортата.;да;Тема 17
Вените са кръвоносни съдове, по които тече кръв към сърцето.;да;Тема 17
Основно значение за поддържането на относителното постоянство в организма има неговата вътрешна течна среда.;да;Тема 18
Кръвта се състои от кръвна плазма - течна част, и кръвни клетки - формениелементи.;да;Тема 18
Кръвните клетки на кръвта са: червени кръвни клетки - левкоцити, бели кръвни клетки - еритроцити и кръвни плочици - тромбоцити.;не;Тема 18
Лимфата е течност, близка по състав с кръвта, но по-бедна на мазнини и по-богата на белтъци.;не;Тема 18
Еритроцитите са безядрени клетки, които имат формата на двойно вдлъбнат диск.;да;Тема 18
Тъканната течност има основно значение при обмяната на веществата между кръвта и клетките.;да;Тема 18
Кръвната плазма лишена от фибриноген се нарича кръвен серум.;да;Тема 18
Формените елементи заемат около 6590 от обема на кръвта.;не;Тема 18
Еритроцитите при човека са клетки с ядро и цитоплазмени органели.;не;Тема 18
За разлика от еритроцитите левкоцитите имат ядра.;да;Тема 18
Тромбоцитите нямат ядра и се обновяват на 8-11 дни.;да;Тема 18
При човека след раждането еритроцитите се образуват в слезката и черния дроб.;не;Тема 18
Еритроцитите се разграждат в бъбреците и жълтия костен мозък.;не;Тема 18
Еритроцитите се разграждат в черния дроб и слезката.;да;Тема 18
Еритроцитите се образуват в костния мозък и живеят около 120 дни.;да;Тема 18
За образуването на еритроцитите голямо значение има приемането на храни богати на желязо и витамин В12.;да;Тема 18
При взаимодействието на антиген А с антитяло а, или на антиген В с антитяло b еритроцитите хемолизират.;не;Тема 18
Хемоглобинът е белтък и съдържа железни Йони.;да;Тема 18
С газа СО хемоглобинът образува трайно съединение карбоксихемоглобин.;да;Тема 18
При кислороден глад броят на еритроцитите и хемоглобинът в тях се увеличава.;да;Тема 18
Артериалната кръв е алено червена и богата на кислород.;да;Тема 18
По повърхността на еритроцитите на 1590 от хората има специфично вещество резус-фактор.;не;Тема 18
Рязкото увеличаване на броя на левкоцитите е показател за анемия.;не;Тема 18
Левкоцитите са вид специфични лимфоцити.;не;Тема 18
Лимфоцитите имат значение за създаването на имунитет.;да;Тема 18
Тромбоцитите са късчета от големи клетки;да;Тема 18
Основната функция на еритроцитите в организма е пренос на кислород и въглероден диоксид.;да;Тема 18
По повърхността на еритроцитите на 85% от хората има специфично вещество резус-фактор.;да;Тема 18
Опорно-двигателната система се състои от пасивна част - костите на скелета и активна част - свързванията между костите и скелетните мускули.;не;Тема 19
Опорно-двигателната система определя формата и размерите на тялото.;да;Тема 19
Относителният дял на минералните соли в костите намалява с възрастта.;не;Тема 19
Отлагането на минерални соли в костите се регулира от витамин К.;не;Тема 19
Органичните вещества придават твърдост на костите.;не;Тема 19
Младите индивиди имат по-малко количество органични вещества в костите, поради което костите им са по-чупливи в сравнение с възрастните индивиди.;не;Тема 19
Отвън костите са покрити с надкостница. Нейните функции са: изхранване на костите, нарастване на костите на дебелина, както и подпомагане заздравяването на счупени кости.;да;Тема 19
Дългите кости имат два края, изградени предимно от плътно костно вещество и средна част, съставена от гъбесто костно вещество.;не;Тема 19
След раждането в костите на детето се появяват ядки на вкостяване, от които започва образуването на костно вещество, което постепенно замества хрущялната тъкан.;не;Тема 19
При неподвижното свързване костите се свързват посредством плътна съединителна тъкан (чрез шевове и връзки) или с хрущялна тъкан.;да;Тема 19
Скелетът на човека се състои от кости на черепа и кости на туловището.;не;Тема 19
Скелетът на човека се състои от кости на черепа, кости на туловището и кости на крайниците.;да;Тема 19
Черепът се разделя на три части: мозъчен, тилен и лицев.;не;Тема 19
Мозъчният дял на черепа е изграден от две чифтни, челна, тилна и клиновидна кост.;да;Тема 19
Чифтните кости на мозъчния дял на черепа са теменната и тилната.;не;Тема 19
Свързването на костите се извършва по следните начини: слято, полуслято, подвижно и полуподвижно.;не;Тема 19
Лицевият дял на черепа е изграден от три чифтни и шест нечифтни кости.;не;Тема 19
Нечифтните кости на лицевия дял на черепа са ралник, долна челюст, решетъчна и подезична кост.;да;Тема 19
Долната челюст се свързва с черепната основа чрез три долночелюстни стави.;не;Тема 19
Челюстните кости, зъбите и твърдото небце ограждат устната кухина.;да;Тема 19
Жълтия костен мозък е неактивен, а в червения се образуват кръвните клетки.;да;Тема 19
С напредване на възрастта част от жълтия костен мозък се превръща в червен.;не;Тема 19
Полуподвижно свързване на костите има между някои от костите на таза;да;Тема 19
Полуподвижно свързване се осъществява чрез стави (например лакътна става);не;Тема 19
Чифтните кости на мозъчния дял на черепа са теменната и слепоочната.;да;Тема 19
С напредване на възрастта част от червения костен мозък се превръща в жълт.;да;Тема 19
Отворите на всички прешлени образуват гръбначния канал, в който се намира гръбначният мозък.;да;Тема 20
Първият гръден прешлен се нарича атлас.;не;Тема 20
Гръбначният стълб има две кривини, които при възрастните хора му придават форма на двойно 8.;не;Тема 20
Гръдният кош е изграден от 10 чифта ребра и гръдната кост.;не;Тема 20
Гръдният кош затваря кухина, в която са разположени вътрешните органи: сърце, хранопровод, бял дроб, трахея и кръвоносни съдове.;да;Тема 20
Горният крайник се състои от рамо, предмишница, китка и ръка.;не;Тема 20
Раменният пояс се състои от две чифтни кости: лопатка и ключица.;да;Тема 20
Костите на китката се наричат фаланги.;не;Тема 20
Двете тазови кости и кръстцовата кост са свързани помежду си чрез неподвижна става.;не;Тема 20
Свободният долен крайник се дели на бедро и ходило.;не;Тема 20
В подбедрицата се намират две дълги кости: голям и малък пищял.;да;Тема 20
Скелетът на ходилото се изгражда от 4 групи кости: задноходилни, средноходилни, предноходилни и кости на пръстите.;не;Тема 20
Костите на предмишницата са две: лакътна и лъчева кост.;да;Тема 20
В предмишницата се намира раменната кост. Тя е дълга кост.;не;Тема 20
Долният край на раменната кост се свързва с горните краища на костите на предмишницата.;да;Тема 20
На външната повърхност на тазовата кост се намира ставна ямка, в която ляга главата на бедрената кост.;да;Тема 20
Костите на китката са къси кости, които са подредени в три редици по пет.;не;Тема 20
Прешленът се състой от тяло, дъга и 8 бодилести израстъка.;не;Тема 20
Поясните прешлени са най-масивни.;да;Тема 20
Шийните, гръдните и поясните прешлени са свързани помежду си сьс стави, връзки и с междупрешленови дискове.;да;Тема 20
Кръстцовата кост е образувана от 7 сраснали се прешлена.;не;Тема 20
Гръдният кош е изграден от 12 чифта ребра, гръдната част на гръбначния стълб и гръдната кост.;да;Тема 20
В мишницата се намира раменната кост. Тя е дълга кост.;да;Тема 20
Свободният долен крайник се дели на бедро, подбедрица и ходило.;да;Тема 20
В мускулите навлизат множество кръвоносни съдове и нерви, които провеждат нервни импулси до всяка тяхна клетка.;да;Тема 21
Мускулът се състои от тяло, краче и сухожилие.;не;Тема 21
Действието на мускулите върху костите се осъществява на принципа на лостовете.;да;Тема 21
Дъвкателните мускули се залавят с единия си край за кожата, а с другия за кост.;не;Тема 21
Мимическите мускули се залавят с двата си края за костите на черепа.;не;Тема 21
Мимическите и дъвкателните мускули участват в осъществяването на говора;да;Тема 21
Мускулите на шията са няколко групи. Чрез тях се извършва движението на шията и главата.;да;Тема 21
Мускулите на туловището се разделят на гръбни, гръдни и коремни.;да;Тема 21
Гръбните мускули са трапецовидния и делтовидния.;не;Тема 21
Диафрагмата е широк плосък мускул, който разделя гръдната и коремната кухина и взема участие в дихателните движения.;да;Тема 21
Коремните мускули са дълги и кръгли. Простират се между шията и корема.;не;Тема 21
Мускулите на горния крайник се делтовидния и трапецовидния мускул.;не;Тема 21
Със съкращението си коремните мускули спомагат за навеждането на тялото назад и встрани.;не;Тема 21
По предната повърхност на мишницата се разполага триглавият мишничен мускул, а по задната - двуглавият.;не;Тема 21
Мускулите на долния крайник се делят на мускули около тазобедрена става, на бедро, на подбедрица и на ходило.;да;Тема 21
Големият седалищен мускул сгъва бедрото в тазобедрената става.;не;Тема 21
Мускулите на ходилото участват в движението на пръстите и поддържат свода на ходилото.;да;Тема 21
Двуглавият мишничен мускул разгъва лакътната става.;не;Тема 21
С помощта на коремните мускули се изпразва пикочния мехур, правото черво и матката по време на раждане.;да;Тема 21
Мускулите никога не се отпускат напълно - дори и да няма движение, са слабо съкратени. Това състояние се нарича мускулен тонус.;да;Тема 21
Проводимостта е свойство на мускулните клетки да преминават от покой във възбудено състояние.;не;Тема 21
Силата на мускула зависи от броя на мускулните влакна в мускула и от тяхното подреждане.;да;Тема 21
При повдигане или преместване на товар мускулите се съкращават и извършват работа.;да;Тема 21
От синапса възбуждането се провежда по мембраната на цялата мускулна клетка и предизвиква съкращението и.;да;Тема 21
Основните физиологични свойства на мускулите са възбудимост, проводимост, мускулен тонус.;не;Тема 21
Съкращението на скелетните мускули се извършва под волеви контрол.;да;Тема 21
При много продължителна дейност на мускулите настъпват болезнени мускулни спазми.;да;Тема 21
Вътрешните и външните полови органи на мъжа формират неговите първични полови белези.;да;Тема 22
По време на зародишното развитие тестисите се намират в коремната кухина и най-често остават там до първата година след раждането.;не;Тема 22
Семенникът има 1-3 делчета като всяко е образувано от 250-300 тънки, дълги и силно нагънати каналчета.;не;Тема 22
Стените на клетките на каналчетата на тестисите са изградени от клетки, които непрекъснато се делят.;да;Тема 22
Зараждането и узряването на сперматозоидите се извършва непрекъснато от пубертета до дълбока старост.;да;Тема 22
Сперматозоидът се състои от главичка, шийка, междинна част и опашка.;да;Тема 22
Единствената роля на семенниците е да произвеждат полови клетки.;не;Тема 22
Тестостеронът се произвежда в семенното мехурче.;не;Тема 22
Надсеменникът представлява силно нагънат канал, дълъг около 6 м, чийто край преминава в семепроводния канал.;да;Тема 22
В надсеменника сперматозоидите узряват окончателно и стават годни за оплождане.;да;Тема 22
Семепроводният канал свързва семенника и надсеменника и има дължина 10 см.;не;Тема 22
Семепроводният канал се съединява с отвеждащия канал на семенното мехурче и преминава през простатната жлеза, като се влива в пикочния канал.;да;Тема 22
Семенните мехурчета са три овални образувания, разположени пред пикочния мехур.;не;Тема 22
Простатната жлеза се намира под пикочния мехури обхваща началото на пикочния канал.;да;Тема 22
Семенната течност съдържа сперматозоиди и секретите на семенните мехурчета и простатната жлеза.;да;Тема 22
Мъжкият полов член се състои от тяло и главичка и през него минава семепроводния канал.;не;Тема 22
Яйцеклетката, обвита от придружаващи я клетки, попада от спукания фоликул в матката, където се извършва оплождането.;не;Тема 22
Зародишното развитие на човека започва с оплождането, продължава девет лунни месеца (по 28 дни) и завършва с раждането му.;не;Тема 22
Зародишното развитие започва в маточната тръба, където зиготата се дели на 2 клетки, после се получават 4, 8, 16 и т.н.;да;Тема 22
Зиготата се дели многократно, при което се образува купчинка от клетки, подобна на черничев плод;да;Тема 22
След 14-ия ден от оплождането се образуват зародишни пластове - ектодерма (външен), ендодерма (вътрешен) и мезодерма (среден).;да;Тема 22
Кръвообращението на плода има пряк контакт с кръвообращението на майката.;не;Тема 22
В периода на зародишното развитие недостигът на кислород и повишаването на телесната температура не оказват съществено влияние върху развитието.;не;Тема 22
След втория месец на бременността зародишът на човека се нарича плод.;да;Тема 22
В яйчниците се развиват (узряват) половите клетки - яйцеклетките, и се образуват и отделят в кръвта женските полови хормони (естрогени), главно естрадиол.;да;Тема 23
Всяко момиче при пубертета носи в яйчниците си около 450 първични яйцеклетки.;не;Тема 23
Яйчниците отделят женските полови хормони естрадиол и прогестерон.;да;Тема 23
Когато яйцеклетката узрее, Граафовият фоликул се пука и тя заедно с придружаващите я клетки попада в маточната тръба - протича овулация.;да;Тема 23
Жълтото тяло отделя женския полов хормон прогестерон.;да;Тема 23
Матката се намира между симфизата и предната коремна стена.;не;Тема 23
Матката има силно развита напречно набраздена мускулатура, която създава благоприятни условия за нормалното износване на плода и за изтласкването му по време на раждането му.;не;Тема 23
Външната повърхност на матката е покрита с добре кръвоснабдена лигавица.;не;Тема 23
Менструацията зависи от овулацията, която настъпва около 14 дни преди първия ден на следващата менструация.;да;Тема 23
Първата менструация настъпва на 10 - 12- годишна възраст.;да;Тема 23
Микроорганизмите по лигавицата на влагалището създават алкална среда, която предпазва от развитието на болестотворни организми.;не;Тема 23
При момичета, които не са имали полов контакт, на входа на влагалището има тънка, нееластична ципа - химен с два отвора - един за менструалната кръв и един за урината.;не;Тема 23
Млечните жлези са изградени от съединителна и мускулна тъкан.;не;Тема 23
Триперът е причинена от бактерии инфекция, която се предава по полов път.;да;Тема 23
Аднекситът е възпаление на маточните тръби, предизвикано от бактерии, простуда или недоизлекувани възпалителни заболявания на влагалището и матката.;да;Тема 23
Презервативите са надеждна бариера срещу болести, предавани по полов път.;да;Тема 23
 Консумацията на алкохол по време на бременността не може да доведе до увреждане на мозъка на плода.;не;Тема 23
Никотинът по време на бременност намалява притока на кислород към плода и може да доведе до забавяне на растежа му.;да;Тема 23
Контрацепция се нарича предпазването от нежелана бременност.;да;Тема 23
Най-старият метод за контрацепция е прекъсване на половия акт, при който мъжът изважда пениса от влагалището на жената непосредствено преди изхвърлянето на семенната течност.;да;Тема 23
Всяка яйцеклетка притежава четири обвивки, които са разположени върху плазмената мембрана.;не;Тема 24
Всички живи организми са способни да се размножават.;да;Тема 24
При сперматогенезата двете последователни деления на мейозата протичат с неравномерно разпределение на цитоплазмата.;не;Тема 24
Основните предимства на безполовото размножаване са бързото възпроизводство и лесното приспособяване към променящи се условия на средата.;не;Тема 24
При овогенезата след първото мейотично делене се образуват една голяма и две малки клетки.;не;Тема 24
Гаметите произлизат от недиференцирани диплоидни клетки на половите жлези.;да;Тема 24
В природата по-широко застъпено е безполовото размножаване.;не;Тема 24
Многоклетъчните организми са изградени от диплоидни соматични клетки и хаплоидни полови клетки.;да;Тема 24
Женските полови клетки се образуват в яйчниците.;да;Тема 24
Сперматогенезата преминава през три фази.;не;Тема 24
Гаметогенезата и оплождането осигуряват възстановяването на диплоидния хромозомен набор.;да;Тема 24
При овогенезата само една от четири клетки сЕ превръща в зряла яйцеклетка.;да;Тема 24
При човека сперматогенезата започва с раждането.;не;Тема 24
Кортикалните гранули съдържат протеолитични ензими, чието действие води до образуването на оплодителната обвивка на яйцето.;да;Тема 24
Оплождането при бозайниците завършва със сливането на мъжкия и женския пронуклеус.;не;Тема 24
Акрозомата съдържа ензими, които могат да разграждат обвивките на яйцеклетката.;да;Тема 24
В различните видове животни количеството на хранителния материал в яйцеклетката е еднакво.;не;Тема 24
Контракциите на мускулатурата на половите пътища възпрепятстват движението на сперматозоидите.;не;Тема 24
Вътрешното оплождане е характерно за сухоземните животни и водните бозайници.;да;Тема 24
Партеногенезата може да се редува с полово размножаване.;да;Тема 24
Индивидуалното развитие при животните и човека започва с раждането и завършва със смъртта на индивида.;не;Тема 25
Зародишният период включва три стадия - дробене, гаструлация и органогенеза.;да;Тема 25
Органогенезата протича по различен начин в различните групи животни, но от трите зародишни пласта се образуват сходни при всички животни тъкани и органи.;да;Тема 25
Големината на бластулата значително надвишава големината на зиготата.;не;Тема 25
Точката на навлизане на сперматозоида в яйцеклетката определя мястото на първата делителна бразда върху зиготата;да;Тема 25
Бластомерите са големи и повече на брой в богатата на жълтък част от яйцеклетката.;не;Тема 25
Празнината, която се загражда от вътрешния слой клетки при гаструлацията, се нарича бластоцел.;не;Тема 25
От ектодермата произлизат епидермисът, сетивните органи и нервната система.;да;Тема 25
От мезодермата произлизат мускулите, сърцето и белите дробове.;не;Тема 25
Индивидуалното развитие се осъществява съгласно генетичната програма и се регулира чрез хормони.;да;Тема 25
При организмите, които се развиват пряко, новородените (новоизлюпените) значително се различават от възрастните.;не;Тема 25
Непрякото развитие е характерно за повечето бозайници и някои птици.;не;Тема 25
При пълната метаморфоза липсва стадият какавида.;не;Тема 25
Само при човека продължителността на живота значително надхвърля срока на способността му да създава потомство.;да;Тема 25
Следзародишното развитие на човека преминава през три основни етапа - стадий на растеж, стадий на зрялост и стадий на старост.;да;Тема 25
Биологичната смърт, за разлика от клиничната, е обратима.;не;Тема 25
Клиничната смърт е състояние, при което отсъстват жизненоважни функции на централната нервна система, дишането и сърдечната дейност.;да;Тема 25
Дейността на сърцето започва още през първия месец от зародишното развитие на човека.;да;Тема 25
Плацентата позволява да се обменят вещества между майката и плода, при което се смесва кръвта на двата организма;не;Тема 25
При човека развиващият се зародиш се загнездва в маточната стена в стадий бластоцист.;да;Тема 25